"Ticker","FY","Currency","OCF audited","CapEx PPE audited","CapEx intangible audited","FCF audited","Revenue definition","Operating profit definition","Invested capital opening","Invested capital closing","ROIC","Net debt","Debt service","TTM period end","Issuer document URL","Page","Verification status","Reviewer"
"TJH","2023","USD","","","","","","","","","","","","","","","PENDING",""
"TJH","2024","USD","","","","","","","","","","","","","","","PENDING",""
"TJH","2025","USD","","","","","","","","","","","","","","","PENDING",""
"SEP","2023","JMD","","","","","","","","","","","","","","","PENDING",""
"SEP","2024","JMD","","","","","","","","","","","","","","","PENDING",""
"SEP","2025","JMD","","","","","","","","","","","","","","","PENDING",""
"SVL","2023","JMD","","","","","","","","","","","","","","","PENDING",""
"SVL","2024","JMD","","","","","","","","","","","","","","","PENDING",""
"SVL","2025","JMD","","","","","","","","","","","","","","","PENDING",""
"JSE","2023","JMD","","","","","","","","","","","","","","","PENDING",""
"JSE","2024","JMD","","","","","","","","","","","","","","","PENDING",""
"JSE","2025","JMD","","","","","","","","","","","","","","","PENDING",""
